ward_id,date,water_liters_day,sewage_liters_day
W01,2018-01-01,3255853,2565594
W01,2018-02-01,3396312,2671273
W01,2018-03-01,3402369,2735901
W01,2018-04-01,3710312,2951821
W01,2018-05-01,3737463,2938490
W01,2018-06-01,3978629,3217669
W01,2018-07-01,4105222,3330855
W01,2018-08-01,4027150,3206272
W01,2018-09-01,3797121,3078294
W01,2018-10-01,3553041,2825977
W01,2018-11-01,3480297,2806714
W01,2018-12-01,3348862,2633160
W01,2019-01-01,3372487,2701674
W01,2019-02-01,3343208,2670529
W01,2019-03-01,3482506,2833411
W01,2019-04-01,3759069,2973527
W01,2019-05-01,3861810,3122605
W01,2019-06-01,3931400,3185604
W01,2019-07-01,4163651,3317752
W01,2019-08-01,3933884,3199115
W01,2019-09-01,3918691,3162279
W01,2019-10-01,3653012,2922320
W01,2019-11-01,3612753,2906717
W01,2019-12-01,3322442,2619640
W01,2020-01-01,3479433,2787886
W01,2020-02-01,3531650,2817232
W01,2020-03-01,3637671,2894072
W01,2020-04-01,3923721,3093566
W01,2020-05-01,3998976,3231913
W01,2020-06-01,4229687,3336762
W01,2020-07-01,4105533,3308137
W01,2020-08-01,4163938,3315796
W01,2020-09-01,4023549,3214726
W01,2020-10-01,3753204,3008956
W01,2020-11-01,3715613,2993926
W01,2020-12-01,3399590,2761532
W01,2021-01-01,3567660,2884793
W01,2021-02-01,3532868,2802949
W01,2021-03-01,3633923,2849373
W01,2021-04-01,3957322,3193677
W01,2021-05-01,4216646,3408664
W01,2021-06-01,4245445,3342885
W01,2021-07-01,4328106,3509806
W01,2021-08-01,4245440,3355448
W01,2021-09-01,4069525,3211545
W01,2021-10-01,4011545,3263463
W01,2021-11-01,3803175,3054582
W01,2021-12-01,3564636,2807435
W01,2022-01-01,3573005,2913894
W01,2022-02-01,3723550,2947795
W01,2022-03-01,3743644,3002984
W01,2022-04-01,3901742,3150349
W01,2022-05-01,4282756,3491711
W01,2022-06-01,4358112,3434298
W01,2022-07-01,4445410,3619894
W01,2022-08-01,4262183,3413521
W01,2022-09-01,4229941,3446808
W01,2022-10-01,4105928,3318282
W01,2022-11-01,3846090,3103080
W01,2022-12-01,3634093,2927240
W01,2023-01-01,3664643,2978577
W01,2023-02-01,3736749,2959255
W01,2023-03-01,3795876,2978522
W01,2023-04-01,4116261,3304658
W01,2023-05-01,4180751,3372407
W01,2023-06-01,4340315,3412168
W01,2023-07-01,4386394,3485313
W01,2023-08-01,4462103,3538052
W01,2023-09-01,4304366,3448897
W01,2023-10-01,4157972,3377255
W01,2023-11-01,3915661,3100326
W01,2023-12-01,3741581,2982137
W01,2024-01-01,3692877,2973089
W01,2024-02-01,3807768,3035382
W01,2024-03-01,4082501,3207758
W01,2024-04-01,4244284,3415281
W01,2024-05-01,4299424,3470937
W01,2024-06-01,4652192,3663586
W01,2024-07-01,4540513,3637683
W01,2024-08-01,4471117,3531608
W01,2024-09-01,4405938,3577549
W01,2024-10-01,4098417,3319130
W01,2024-11-01,4080615,3211987
W01,2024-12-01,3876416,3106167
W02,2018-01-01,3460779,2796704
W02,2018-02-01,3543211,2823958
W02,2018-03-01,3740236,3035833
W02,2018-04-01,4036673,3186018
W02,2018-05-01,4014952,3197883
W02,2018-06-01,4392446,3554034
W02,2018-07-01,4279784,3450751
W02,2018-08-01,4342076,3513033
W02,2018-09-01,4178769,3341233
W02,2018-10-01,3868163,3059587
W02,2018-11-01,3645231,2943683
W02,2018-12-01,3505318,2783347
W02,2019-01-01,3537891,2827685
W02,2019-02-01,3783016,3030181
W02,2019-03-01,3735992,2989730
W02,2019-04-01,4125203,3243204
W02,2019-05-01,4132075,3353502
W02,2019-06-01,4364569,3553331
W02,2019-07-01,4462619,3581365
W02,2019-08-01,4268685,3357848
W02,2019-09-01,4282094,3434613
W02,2019-10-01,3995525,3165832
W02,2019-11-01,3877120,3078642
W02,2019-12-01,3638264,2867637
W02,2020-01-01,3759470,3002430
W02,2020-02-01,3879777,3157919
W02,2020-03-01,3818165,3069335
W02,2020-04-01,4156689,3272143
W02,2020-05-01,4357908,3487147
W02,2020-06-01,4400433,3499085
W02,2020-07-01,4437289,3513521
W02,2020-08-01,4441613,3544505
W02,2020-09-01,4359365,3459943
W02,2020-10-01,4261257,3450882
W02,2020-11-01,3940817,3173822
W02,2020-12-01,3794805,3088274
W02,2021-01-01,3729247,3028522
W02,2021-02-01,3822184,3105413
W02,2021-03-01,4090986,3227683
W02,2021-04-01,4188983,3312397
W02,2021-05-01,4414777,3558310
W02,2021-06-01,4709815,3768667
W02,2021-07-01,4599299,3739511
W02,2021-08-01,4487847,3609562
W02,2021-09-01,4544862,3569584
W02,2021-10-01,4202175,3312096
W02,2021-11-01,4148418,3273810
W02,2021-12-01,3863444,3116182
W02,2022-01-01,3929919,3095126
W02,2022-02-01,4080013,3288950
W02,2022-03-01,4046113,3176818
W02,2022-04-01,4316538,3460486
W02,2022-05-01,4548967,3572479
W02,2022-06-01,4689066,3816238
W02,2022-07-01,4921334,3864609
W02,2022-08-01,4687126,3777008
W02,2022-09-01,4613967,3669570
W02,2022-10-01,4366310,3545403
W02,2022-11-01,4250650,3434454
W02,2022-12-01,4075415,3225999
W02,2023-01-01,3932227,3183517
W02,2023-02-01,3994319,3184245
W02,2023-03-01,4154970,3380415
W02,2023-04-01,4535002,3615189
W02,2023-05-01,4730152,3819701
W02,2023-06-01,4772427,3765895
W02,2023-07-01,4964630,3953044
W02,2023-08-01,4711533,3764808
W02,2023-09-01,4598013,3739980
W02,2023-10-01,4419218,3580703
W02,2023-11-01,4330859,3426287
W02,2023-12-01,4112357,3276524
W02,2024-01-01,4059190,3191423
W02,2024-02-01,4243546,3374624
W02,2024-03-01,4344835,3500827
W02,2024-04-01,4665182,3706939
W02,2024-05-01,4663441,3787018
W02,2024-06-01,4895626,3929126
W02,2024-07-01,5173902,4062673
W02,2024-08-01,4995564,3971783
W02,2024-09-01,4881960,3895631
W02,2024-10-01,4703735,3705136
W02,2024-11-01,4446473,3513080
W02,2024-12-01,4060943,3240445
W03,2018-01-01,2257861,1819789
W03,2018-02-01,2309529,1865141
W03,2018-03-01,2297718,1833123
W03,2018-04-01,2529776,2057884
W03,2018-05-01,2605715,2098196
W03,2018-06-01,2616482,2126680
W03,2018-07-01,2710931,2183223
W03,2018-08-01,2648853,2135799
W03,2018-09-01,2595046,2050447
W03,2018-10-01,2487808,1980625
W03,2018-11-01,2375100,1875305
W03,2018-12-01,2259420,1800745
W03,2019-01-01,2318018,1839866
W03,2019-02-01,2266238,1833713
W03,2019-03-01,2414116,1917562
W03,2019-04-01,2516196,2027098
W03,2019-05-01,2653044,2147373
W03,2019-06-01,2819387,2276798
W03,2019-07-01,2803990,2223792
W03,2019-08-01,2770662,2227104
W03,2019-09-01,2586584,2106680
W03,2019-10-01,2484848,1972804
W03,2019-11-01,2442887,1926743
W03,2019-12-01,2243548,1829582
W03,2020-01-01,2344879,1896049
W03,2020-02-01,2357678,1915275
W03,2020-03-01,2469897,1993175
W03,2020-04-01,2570124,2047847
W03,2020-05-01,2660084,2144038
W03,2020-06-01,2878537,2336031
W03,2020-07-01,2912799,2356191
W03,2020-08-01,2764839,2238777
W03,2020-09-01,2749492,2196475
W03,2020-10-01,2597056,2112339
W03,2020-11-01,2402875,1894107
W03,2020-12-01,2358987,1889539
W03,2021-01-01,2396002,1902793
W03,2021-02-01,2460211,1963648
W03,2021-03-01,2567835,2086481
W03,2021-04-01,2641184,2147334
W03,2021-05-01,2776448,2190875
W03,2021-06-01,2945110,2351383
W03,2021-07-01,2962212,2401986
W03,2021-08-01,2844073,2300529
W03,2021-09-01,2782913,2203109
W03,2021-10-01,2643274,2132682
W03,2021-11-01,2480055,1971016
W03,2021-12-01,2480242,1950905
W03,2022-01-01,2395979,1907815
W03,2022-02-01,2431940,1923291
W03,2022-03-01,2570013,2042102
W03,2022-04-01,2713606,2132874
W03,2022-05-01,2912151,2319421
W03,2022-06-01,3002482,2444843
W03,2022-07-01,2904855,2359268
W03,2022-08-01,2968071,2372270
W03,2022-09-01,2930969,2325887
W03,2022-10-01,2701217,2194827
W03,2022-11-01,2635243,2111417
W03,2022-12-01,2518645,2039084
W03,2023-01-01,2568303,2053675
W03,2023-02-01,2511088,2007717
W03,2023-03-01,2630131,2118318
W03,2023-04-01,2837003,2289954
W03,2023-05-01,2986292,2429125
W03,2023-06-01,3115871,2496099
W03,2023-07-01,3140715,2521807
W03,2023-08-01,3058138,2405795
W03,2023-09-01,2913967,2365382
W03,2023-10-01,2733921,2166154
W03,2023-11-01,2620360,2092489
W03,2023-12-01,2520950,2047386
W03,2024-01-01,2536933,2066176
W03,2024-02-01,2597135,2105542
W03,2024-03-01,2709147,2188906
W03,2024-04-01,2780047,2264241
W03,2024-05-01,2950030,2319301
W03,2024-06-01,3189403,2504601
W03,2024-07-01,3054082,2418567
W03,2024-08-01,3167415,2546230
W03,2024-09-01,2952608,2359588
W03,2024-10-01,2790726,2272567
W03,2024-11-01,2708289,2145506
W03,2024-12-01,2588889,2079884
W04,2018-01-01,1996499,1614947
W04,2018-02-01,1959668,1555884
W04,2018-03-01,2089983,1700670
W04,2018-04-01,2199603,1788402
W04,2018-05-01,2281926,1857778
W04,2018-06-01,2336208,1875852
W04,2018-07-01,2456382,1944893
W04,2018-08-01,2407424,1910654
W04,2018-09-01,2324545,1882363
W04,2018-10-01,2228563,1787552
W04,2018-11-01,2022884,1620427
W04,2018-12-01,2019399,1587665
W04,2019-01-01,2037829,1598483
W04,2019-02-01,2040184,1631507
W04,2019-03-01,2123662,1689565
W04,2019-04-01,2297117,1834734
W04,2019-05-01,2307539,1822117
W04,2019-06-01,2441938,1965307
W04,2019-07-01,2485995,2022177
W04,2019-08-01,2478942,1980368
W04,2019-09-01,2402663,1929240
W04,2019-10-01,2220457,1758282
W04,2019-11-01,2187768,1734737
W04,2019-12-01,2043965,1651555
W04,2020-01-01,2079123,1674489
W04,2020-02-01,2080640,1664133
W04,2020-03-01,2162525,1729159
W04,2020-04-01,2280457,1806732
W04,2020-05-01,2383586,1914203
W04,2020-06-01,2556734,2049952
W04,2020-07-01,2533070,2001413
W04,2020-08-01,2460932,1961377
W04,2020-09-01,2423517,1918675
W04,2020-10-01,2297196,1853329
W04,2020-11-01,2178675,1709283
W04,2020-12-01,2075325,1653911
W04,2021-01-01,2089522,1682580
W04,2021-02-01,2136872,1713154
W04,2021-03-01,2219108,1810553
W04,2021-04-01,2365137,1880894
W04,2021-05-01,2469037,1959951
W04,2021-06-01,2520792,2034484
W04,2021-07-01,2565103,2072019
W04,2021-08-01,2631532,2121239
W04,2021-09-01,2430085,1962623
W04,2021-10-01,2326387,1867779
W04,2021-11-01,2275081,1827112
W04,2021-12-01,2215894,1796301
W04,2022-01-01,2148669,1709370
W04,2022-02-01,2181452,1759683
W04,2022-03-01,2244666,1763087
W04,2022-04-01,2352357,1866238
W04,2022-05-01,2605427,2095836
W04,2022-06-01,2666107,2098980
W04,2022-07-01,2580851,2046870
W04,2022-08-01,2622919,2084965
W04,2022-09-01,2608687,2066287
W04,2022-10-01,2469414,1945036
W04,2022-11-01,2236229,1788393
W04,2022-12-01,2217846,1787509
W04,2023-01-01,2183052,1768178
W04,2023-02-01,2323812,1828203
W04,2023-03-01,2317955,1858671
W04,2023-04-01,2464922,1979520
W04,2023-05-01,2619733,2118899
W04,2023-06-01,2672609,2173024
W04,2023-07-01,2691986,2161215
W04,2023-08-01,2680435,2150234
W04,2023-09-01,2532614,2063380
W04,2023-10-01,2417811,1954577
W04,2023-11-01,2371237,1879131
W04,2023-12-01,2205972,1746415
W04,2024-01-01,2292514,1808815
W04,2024-02-01,2306674,1859318
W04,2024-03-01,2407996,1890384
W04,2024-04-01,2507033,1988195
W04,2024-05-01,2723811,2141672
W04,2024-06-01,2715095,2151620
W04,2024-07-01,2842060,2281814
W04,2024-08-01,2809541,2220465
W04,2024-09-01,2604656,2060788
W04,2024-10-01,2485837,1970026
W04,2024-11-01,2360568,1855190
W04,2024-12-01,2360129,1895281
W05,2018-01-01,4754523,3794361
W05,2018-02-01,4697523,3728569
W05,2018-03-01,4866326,3857595
W05,2018-04-01,5164949,4121672
W05,2018-05-01,5442042,4421450
W05,2018-06-01,5677603,4560925
W05,2018-07-01,5506608,4357520
W05,2018-08-01,5657368,4591161
W05,2018-09-01,5438500,4267394
W05,2018-10-01,5234441,4241392
W05,2018-11-01,4917353,3975284
W05,2018-12-01,4614641,3694514
W05,2019-01-01,4736787,3755803
W05,2019-02-01,4967857,3964093
W05,2019-03-01,5111934,4166276
W05,2019-04-01,5271900,4202059
W05,2019-05-01,5485935,4319335
W05,2019-06-01,5621999,4481704
W05,2019-07-01,5807965,4676589
W05,2019-08-01,5704510,4611160
W05,2019-09-01,5391320,4241987
W05,2019-10-01,5202943,4098407
W05,2019-11-01,5099381,4139051
W05,2019-12-01,4918068,3855946
W05,2020-01-01,4980070,3977997
W05,2020-02-01,4812364,3852731
W05,2020-03-01,5180607,4144236
W05,2020-04-01,5394613,4238286
W05,2020-05-01,5604666,4417555
W05,2020-06-01,5807444,4716731
W05,2020-07-01,5949320,4669763
W05,2020-08-01,5928146,4799297
W05,2020-09-01,5755656,4569669
W05,2020-10-01,5255477,4188908
W05,2020-11-01,5057819,4101512
W05,2020-12-01,4829944,3933052
W05,2021-01-01,5038156,3974738
W05,2021-02-01,5199804,4125210
W05,2021-03-01,5336304,4254612
W05,2021-04-01,5542948,4429431
W05,2021-05-01,5811107,4582805
W05,2021-06-01,5917388,4752728
W05,2021-07-01,6193849,4883034
W05,2021-08-01,5873688,4750202
W05,2021-09-01,5950106,4729597
W05,2021-10-01,5644563,4473596
W05,2021-11-01,5114007,4128199
W05,2021-12-01,5170861,4149914
W05,2022-01-01,5167866,4194697
W05,2022-02-01,5178282,4140031
W05,2022-03-01,5348799,4324033
W05,2022-04-01,5645592,4594672
W05,2022-05-01,6104302,4977355
W05,2022-06-01,6083194,4843774
W05,2022-07-01,6389882,5093661
W05,2022-08-01,6112625,4884814
W05,2022-09-01,6120006,4872745
W05,2022-10-01,5854165,4738107
W05,2022-11-01,5452402,4301222
W05,2022-12-01,5339827,4207996
W05,2023-01-01,5393208,4285572
W05,2023-02-01,5197137,4215093
W05,2023-03-01,5405185,4395140
W05,2023-04-01,5660159,4463675
W05,2023-05-01,6257398,5100021
W05,2023-06-01,6172950,4993971
W05,2023-07-01,6322240,5082729
W05,2023-08-01,6295583,4951917
W05,2023-09-01,6058203,4880364
W05,2023-10-01,5841442,4758044
W05,2023-11-01,5580332,4533451
W05,2023-12-01,5320966,4263756
W05,2024-01-01,5415782,4286660
W05,2024-02-01,5518323,4377112
W05,2024-03-01,5583834,4393875
W05,2024-04-01,6146920,4968751
W05,2024-05-01,6350950,4999571
W05,2024-06-01,6362934,5049516
W05,2024-07-01,6387193,5073858
W05,2024-08-01,6319986,5027364
W05,2024-09-01,6248102,4947336
W05,2024-10-01,5943892,4789693
W05,2024-11-01,5567680,4396252
W05,2024-12-01,5493793,4374385
W06,2018-01-01,3513288,2819979
W06,2018-02-01,3508784,2822511
W06,2018-03-01,3699993,2979748
W06,2018-04-01,3997645,3193671
W06,2018-05-01,4047175,3243775
W06,2018-06-01,4133845,3365973
W06,2018-07-01,4420276,3507812
W06,2018-08-01,4359918,3514486
W06,2018-09-01,4088793,3245144
W06,2018-10-01,4021179,3262410
W06,2018-11-01,3621455,2883415
W06,2018-12-01,3535908,2805630
W06,2019-01-01,3644688,2859994
W06,2019-02-01,3727620,2969668
W06,2019-03-01,3689510,2994710
W06,2019-04-01,4068630,3316565
W06,2019-05-01,4305417,3478112
W06,2019-06-01,4435210,3605355
W06,2019-07-01,4474814,3541206
W06,2019-08-01,4427146,3501909
W06,2019-09-01,4123773,3266111
W06,2019-10-01,4063171,3285314
W06,2019-11-01,3842968,3029707
W06,2019-12-01,3566891,2868061
W06,2020-01-01,3589647,2904870
W06,2020-02-01,3641721,2897628
W06,2020-03-01,3810579,3098413
W06,2020-04-01,4059204,3236387
W06,2020-05-01,4229623,3422477
W06,2020-06-01,4557755,3626640
W06,2020-07-01,4512521,3577169
W06,2020-08-01,4367371,3551763
W06,2020-09-01,4421728,3603515
W06,2020-10-01,4051432,3289166
W06,2020-11-01,3967889,3170290
W06,2020-12-01,3651148,2950612
W06,2021-01-01,3721661,2998328
W06,2021-02-01,3880471,3091638
W06,2021-03-01,4077034,3269105
W06,2021-04-01,4101044,3267000
W06,2021-05-01,4352226,3429358
W06,2021-06-01,4532485,3662105
W06,2021-07-01,4558838,3629714
W06,2021-08-01,4606485,3666243
W06,2021-09-01,4460926,3564669
W06,2021-10-01,4234553,3447695
W06,2021-11-01,3952958,3176291
W06,2021-12-01,3874306,3116232
W06,2022-01-01,3870240,3121095
W06,2022-02-01,3971539,3128515
W06,2022-03-01,3982349,3126904
W06,2022-04-01,4437738,3495677
W06,2022-05-01,4452980,3567734
W06,2022-06-01,4651434,3701948
W06,2022-07-01,4868273,3925228
W06,2022-08-01,4694013,3768330
W06,2022-09-01,4586503,3725769
W06,2022-10-01,4349564,3526097
W06,2022-11-01,4122440,3355871
W06,2022-12-01,3884271,3131068
W06,2023-01-01,3908079,3119547
W06,2023-02-01,3970817,3159205
W06,2023-03-01,4317471,3435648
W06,2023-04-01,4523707,3639931
W06,2023-05-01,4515813,3580264
W06,2023-06-01,4934626,4018603
W06,2023-07-01,4953482,3898061
W06,2023-08-01,4716878,3794558
W06,2023-09-01,4769205,3746776
W06,2023-10-01,4373118,3566900
W06,2023-11-01,4268638,3374642
W06,2023-12-01,4114542,3298771
W06,2024-01-01,4096028,3317855
W06,2024-02-01,4069315,3291179
W06,2024-03-01,4375784,3514067
W06,2024-04-01,4467169,3642927
W06,2024-05-01,4893123,3920795
W06,2024-06-01,5007900,3943810
W06,2024-07-01,5089947,4011986
W06,2024-08-01,4877938,3947373
W06,2024-09-01,4779403,3749466
W06,2024-10-01,4463934,3517832
W06,2024-11-01,4280893,3371789
W06,2024-12-01,4027271,3215151
W07,2018-01-01,1550617,1238112
W07,2018-02-01,1538760,1236676
W07,2018-03-01,1649807,1341425
W07,2018-04-01,1729613,1372711
W07,2018-05-01,1814414,1424309
W07,2018-06-01,1917345,1555184
W07,2018-07-01,1876270,1477478
W07,2018-08-01,1885378,1504897
W07,2018-09-01,1842038,1463145
W07,2018-10-01,1677129,1321641
W07,2018-11-01,1639755,1316283
W07,2018-12-01,1584824,1261820
W07,2019-01-01,1589735,1261354
W07,2019-02-01,1604561,1280065
W07,2019-03-01,1697644,1337168
W07,2019-04-01,1772412,1439352
W07,2019-05-01,1849596,1501309
W07,2019-06-01,1900188,1543749
W07,2019-07-01,1921732,1557521
W07,2019-08-01,1896600,1531215
W07,2019-09-01,1823177,1447604
W07,2019-10-01,1730284,1409342
W07,2019-11-01,1687006,1348215
W07,2019-12-01,1564686,1230988
W07,2020-01-01,1613390,1303340
W07,2020-02-01,1631565,1285940
W07,2020-03-01,1664866,1356220
W07,2020-04-01,1806675,1455169
W07,2020-05-01,1879900,1526395
W07,2020-06-01,2007667,1601183
W07,2020-07-01,2029417,1594404
W07,2020-08-01,1930977,1533192
W07,2020-09-01,1845062,1476487
W07,2020-10-01,1762724,1409175
W07,2020-11-01,1745643,1388142
W07,2020-12-01,1649678,1299412
W07,2021-01-01,1638451,1296403
W07,2021-02-01,1678063,1345724
W07,2021-03-01,1780888,1431647
W07,2021-04-01,1864384,1494892
W07,2021-05-01,1949934,1569795
W07,2021-06-01,2028069,1591885
W07,2021-07-01,2001906,1618335
W07,2021-08-01,2055502,1634603
W07,2021-09-01,1900232,1498493
W07,2021-10-01,1862432,1464294
W07,2021-11-01,1778105,1449330
W07,2021-12-01,1643952,1316765
W07,2022-01-01,1689382,1349000
W07,2022-02-01,1691855,1343286
W07,2022-03-01,1777652,1447231
W07,2022-04-01,1902057,1544978
W07,2022-05-01,1944661,1571562
W07,2022-06-01,1999405,1572753
W07,2022-07-01,2073153,1653481
W07,2022-08-01,2068118,1648815
W07,2022-09-01,1951808,1562218
W07,2022-10-01,1873571,1475528
W07,2022-11-01,1815793,1458046
W07,2022-12-01,1730153,1373516
W07,2023-01-01,1715321,1398848
W07,2023-02-01,1723249,1362300
W07,2023-03-01,1890700,1528736
W07,2023-04-01,1969141,1562045
W07,2023-05-01,1988931,1590978
W07,2023-06-01,2097526,1653131
W07,2023-07-01,2136428,1690691
W07,2023-08-01,2113711,1702335
W07,2023-09-01,2017529,1607378
W07,2023-10-01,1966568,1569241
W07,2023-11-01,1837050,1444824
W07,2023-12-01,1750687,1396588
W07,2024-01-01,1777936,1430322
W07,2024-02-01,1791890,1428066
W07,2024-03-01,1940332,1531892
W07,2024-04-01,2040239,1629586
W07,2024-05-01,2109956,1678637
W07,2024-06-01,2150749,1693473
W07,2024-07-01,2177131,1734769
W07,2024-08-01,2104366,1708444
W07,2024-09-01,2116990,1674730
W07,2024-10-01,2020152,1588737
W07,2024-11-01,1902622,1523961
W07,2024-12-01,1781479,1440930
W08,2018-01-01,2238952,1801582
W08,2018-02-01,2164732,1704272
W08,2018-03-01,2266423,1789459
W08,2018-04-01,2370731,1916245
W08,2018-05-01,2477444,2017733
W08,2018-06-01,2651034,2117769
W08,2018-07-01,2673459,2145566
W08,2018-08-01,2659429,2160056
W08,2018-09-01,2564027,2091141
W08,2018-10-01,2395476,1952483
W08,2018-11-01,2274727,1815397
W08,2018-12-01,2207356,1775165
W08,2019-01-01,2273230,1825234
W08,2019-02-01,2246630,1766692
W08,2019-03-01,2352191,1846949
W08,2019-04-01,2462142,1952938
W08,2019-05-01,2628390,2142863
W08,2019-06-01,2630319,2112174
W08,2019-07-01,2710936,2175717
W08,2019-08-01,2770101,2237260
W08,2019-09-01,2534013,2060379
W08,2019-10-01,2492357,1969021
W08,2019-11-01,2372457,1898069
W08,2019-12-01,2329020,1859529
W08,2020-01-01,2332072,1890834
W08,2020-02-01,2390684,1880747
W08,2020-03-01,2437731,1914234
W08,2020-04-01,2575418,2100798
W08,2020-05-01,2674773,2149217
W08,2020-06-01,2741452,2229826
W08,2020-07-01,2779202,2247771
W08,2020-08-01,2793692,2194936
W08,2020-09-01,2691891,2139270
W08,2020-10-01,2517736,2018859
W08,2020-11-01,2400096,1901029
W08,2020-12-01,2372447,1933215
W08,2021-01-01,2361050,1862425
W08,2021-02-01,2321722,1869534
W08,2021-03-01,2538893,2015696
W08,2021-04-01,2631736,2119043
W08,2021-05-01,2676740,2159280
W08,2021-06-01,2762531,2215234
W08,2021-07-01,2892748,2298321
W08,2021-08-01,2769853,2233861
W08,2021-09-01,2811132,2293628
W08,2021-10-01,2671846,2102717
W08,2021-11-01,2502290,2002511
W08,2021-12-01,2312682,1836000
W08,2022-01-01,2470366,1963782
W08,2022-02-01,2480042,1959591
W08,2022-03-01,2615044,2063160
W08,2022-04-01,2639761,2136147
W08,2022-05-01,2807426,2249514
W08,2022-06-01,2945533,2358927
W08,2022-07-01,2968319,2410407
W08,2022-08-01,2924517,2348715
W08,2022-09-01,2747919,2170271
W08,2022-10-01,2703429,2173534
W08,2022-11-01,2600218,2098579
W08,2022-12-01,2374228,1889072
W08,2023-01-01,2497869,2035830
W08,2023-02-01,2518690,2035294
W08,2023-03-01,2646666,2094804
W08,2023-04-01,2696449,2197334
W08,2023-05-01,2925360,2378105
W08,2023-06-01,2921904,2354195
W08,2023-07-01,3025982,2415034
W08,2023-08-01,3024671,2446656
W08,2023-09-01,2876786,2293941
W08,2023-10-01,2683775,2121230
W08,2023-11-01,2618695,2126213
W08,2023-12-01,2434858,1946374
W08,2024-01-01,2507495,2040843
W08,2024-02-01,2597169,2079057
W08,2024-03-01,2607343,2051155
W08,2024-04-01,2750575,2195999
W08,2024-05-01,2950554,2391700
W08,2024-06-01,2976224,2420076
W08,2024-07-01,3147272,2556554
W08,2024-08-01,3129766,2495289
W08,2024-09-01,2929875,2332083
W08,2024-10-01,2788624,2193564
W08,2024-11-01,2623325,2083440
W08,2024-12-01,2502946,2019554
W09,2018-01-01,1491618,1171257
W09,2018-02-01,1585404,1266925
W09,2018-03-01,1640607,1326075
W09,2018-04-01,1690176,1358380
W09,2018-05-01,1821277,1428988
W09,2018-06-01,1808569,1426571
W09,2018-07-01,1911845,1536137
W09,2018-08-01,1831487,1481376
W09,2018-09-01,1749992,1378817
W09,2018-10-01,1666740,1340803
W09,2018-11-01,1620502,1273731
W09,2018-12-01,1577914,1262322
W09,2019-01-01,1565462,1258980
W09,2019-02-01,1592474,1285116
W09,2019-03-01,1628215,1276602
W09,2019-04-01,1720320,1380146
W09,2019-05-01,1788239,1440217
W09,2019-06-01,1888616,1502468
W09,2019-07-01,1961151,1571687
W09,2019-08-01,1918368,1535163
W09,2019-09-01,1769980,1437129
W09,2019-10-01,1688112,1344379
W09,2019-11-01,1636331,1322015
W09,2019-12-01,1571743,1235644
W09,2020-01-01,1576265,1268937
W09,2020-02-01,1586327,1273219
W09,2020-03-01,1716115,1352761
W09,2020-04-01,1763273,1401508
W09,2020-05-01,1883995,1527114
W09,2020-06-01,1954528,1593696
W09,2020-07-01,1954422,1543666
W09,2020-08-01,1890756,1525676
W09,2020-09-01,1917709,1505754
W09,2020-10-01,1747186,1414024
W09,2020-11-01,1729208,1373162
W09,2020-12-01,1606452,1279930
W09,2021-01-01,1672221,1336353
W09,2021-02-01,1619285,1303040
W09,2021-03-01,1710107,1387903
W09,2021-04-01,1774039,1428072
W09,2021-05-01,1888637,1529001
W09,2021-06-01,1973940,1572837
W09,2021-07-01,1998613,1628085
W09,2021-08-01,1962299,1550173
W09,2021-09-01,1936755,1541183
W09,2021-10-01,1856041,1470978
W09,2021-11-01,1688955,1347084
W09,2021-12-01,1658659,1353205
W09,2022-01-01,1649940,1309063
W09,2022-02-01,1666526,1324044
W09,2022-03-01,1753875,1400065
W09,2022-04-01,1893512,1494611
W09,2022-05-01,1955952,1561453
W09,2022-06-01,2058611,1674003
W09,2022-07-01,2070181,1651835
W09,2022-08-01,2047967,1657475
W09,2022-09-01,1910435,1538813
W09,2022-10-01,1858584,1487646
W09,2022-11-01,1802271,1422207
W09,2022-12-01,1659206,1345877
W09,2023-01-01,1742671,1390689
W09,2023-02-01,1710670,1354084
W09,2023-03-01,1835891,1460614
W09,2023-04-01,1967496,1544556
W09,2023-05-01,1969792,1572677
W09,2023-06-01,2065628,1648797
W09,2023-07-01,2053912,1619317
W09,2023-08-01,2065127,1639835
W09,2023-09-01,1984910,1617179
W09,2023-10-01,1861334,1470367
W09,2023-11-01,1821976,1481692
W09,2023-12-01,1709781,1382869
W09,2024-01-01,1788989,1414851
W09,2024-02-01,1805702,1455770
W09,2024-03-01,1921352,1518648
W09,2024-04-01,1920806,1510463
W09,2024-05-01,2021415,1630934
W09,2024-06-01,2197452,1779797
W09,2024-07-01,2220697,1811135
W09,2024-08-01,2155277,1738674
W09,2024-09-01,2068097,1640604
W09,2024-10-01,1940156,1530861
W09,2024-11-01,1888996,1523300
W09,2024-12-01,1758588,1399076
W10,2018-01-01,3722104,3012471
W10,2018-02-01,3612685,2889457
W10,2018-03-01,3785897,3037474
W10,2018-04-01,4010836,3270662
W10,2018-05-01,4125897,3351449
W10,2018-06-01,4252949,3388500
W10,2018-07-01,4478103,3579425
W10,2018-08-01,4343353,3462095
W10,2018-09-01,4238594,3340056
W10,2018-10-01,3974577,3125501
W10,2018-11-01,3809934,3050064
W10,2018-12-01,3588811,2908838
W10,2019-01-01,3718658,2985373
W10,2019-02-01,3822884,3012926
W10,2019-03-01,3913877,3177218
W10,2019-04-01,4201066,3363286
W10,2019-05-01,4274290,3373197
W10,2019-06-01,4592643,3633769
W10,2019-07-01,4652734,3725001
W10,2019-08-01,4417898,3474781
W10,2019-09-01,4246309,3459057
W10,2019-10-01,4063419,3266991
W10,2019-11-01,3940072,3100796
W10,2019-12-01,3794260,3046555
W10,2020-01-01,3818315,3014477
W10,2020-02-01,3885297,3158218
W10,2020-03-01,3971956,3231448
W10,2020-04-01,4105914,3332528
W10,2020-05-01,4321857,3519519
W10,2020-06-01,4662394,3694803
W10,2020-07-01,4563770,3661551
W10,2020-08-01,4620302,3626794
W10,2020-09-01,4536720,3635993
W10,2020-10-01,4258091,3379507
W10,2020-11-01,3949637,3198555
W10,2020-12-01,3834765,3062111
W10,2021-01-01,3939004,3108105
W10,2021-02-01,3932894,3141840
W10,2021-03-01,4071890,3211082
W10,2021-04-01,4421559,3511683
W10,2021-05-01,4677137,3718567
W10,2021-06-01,4673908,3778113
W10,2021-07-01,4764744,3751749
W10,2021-08-01,4629617,3647771
W10,2021-09-01,4530338,3572208
W10,2021-10-01,4211005,3428821
W10,2021-11-01,4201142,3349908
W10,2021-12-01,4062643,3302417
W10,2022-01-01,4067389,3310367
W10,2022-02-01,4105486,3243641
W10,2022-03-01,4127960,3367883
W10,2022-04-01,4427056,3595347
W10,2022-05-01,4656948,3664466
W10,2022-06-01,4789173,3824783
W10,2022-07-01,4803570,3855667
W10,2022-08-01,4689518,3718804
W10,2022-09-01,4684935,3799347
W10,2022-10-01,4481805,3554716
W10,2022-11-01,4089738,3220423
W10,2022-12-01,3962737,3140323
W10,2023-01-01,4059152,3234755
W10,2023-02-01,4039705,3173742
W10,2023-03-01,4335467,3449301
W10,2023-04-01,4489114,3574965
W10,2023-05-01,4759904,3815517
W10,2023-06-01,5036981,4049450
W10,2023-07-01,5034786,3968002
W10,2023-08-01,4820992,3837231
W10,2023-09-01,4913564,3939944
W10,2023-10-01,4510122,3556757
W10,2023-11-01,4346001,3463086
W10,2023-12-01,4038462,3171183
W10,2024-01-01,4248163,3439852
W10,2024-02-01,4261785,3361552
W10,2024-03-01,4531866,3573254
W10,2024-04-01,4781077,3797098
W10,2024-05-01,4862048,3907764
W10,2024-06-01,5168160,4150028
W10,2024-07-01,5128750,4104595
W10,2024-08-01,5060977,4058972
W10,2024-09-01,4886106,3833308
W10,2024-10-01,4613265,3632980
W10,2024-11-01,4405261,3497098
W10,2024-12-01,4358697,3538857
W11,2018-01-01,3348548,2653714
W11,2018-02-01,3410290,2779748
W11,2018-03-01,3530691,2793770
W11,2018-04-01,3599525,2877368
W11,2018-05-01,3889702,3139292
W11,2018-06-01,4085677,3252878
W11,2018-07-01,4147540,3283816
W11,2018-08-01,4036953,3255466
W11,2018-09-01,3811994,3042403
W11,2018-10-01,3681073,2934606
W11,2018-11-01,3451711,2761569
W11,2018-12-01,3401348,2717988
W11,2019-01-01,3483748,2812349
W11,2019-02-01,3505976,2806877
W11,2019-03-01,3615157,2949751
W11,2019-04-01,3786657,3014400
W11,2019-05-01,4090244,3266916
W11,2019-06-01,4128126,3308614
W11,2019-07-01,4214745,3421382
W11,2019-08-01,4164617,3372161
W11,2019-09-01,3924869,3137909
W11,2019-10-01,3895619,3088946
W11,2019-11-01,3558450,2897032
W11,2019-12-01,3563427,2881664
W11,2020-01-01,3540731,2854140
W11,2020-02-01,3547455,2835671
W11,2020-03-01,3705448,3015877
W11,2020-04-01,3938055,3123701
W11,2020-05-01,4098675,3284605
W11,2020-06-01,4323212,3443979
W11,2020-07-01,4235280,3425232
W11,2020-08-01,4133361,3246119
W11,2020-09-01,4192164,3297259
W11,2020-10-01,3985238,3208081
W11,2020-11-01,3746839,2963179
W11,2020-12-01,3619647,2869208
W11,2021-01-01,3598514,2852513
W11,2021-02-01,3553232,2869975
W11,2021-03-01,3725151,2926570
W11,2021-04-01,4080369,3228476
W11,2021-05-01,4115654,3239869
W11,2021-06-01,4284435,3423764
W11,2021-07-01,4429516,3492226
W11,2021-08-01,4449150,3627361
W11,2021-09-01,4096858,3297531
W11,2021-10-01,4074505,3256436
W11,2021-11-01,3818531,3086095
W11,2021-12-01,3592095,2849010
W11,2022-01-01,3577603,2892847
W11,2022-02-01,3763586,2978619
W11,2022-03-01,3934509,3191716
W11,2022-04-01,3969758,3229347
W11,2022-05-01,4266147,3459006
W11,2022-06-01,4552234,3574245
W11,2022-07-01,4582027,3707844
W11,2022-08-01,4353217,3517260
W11,2022-09-01,4383036,3476900
W11,2022-10-01,3969799,3150228
W11,2022-11-01,3902880,3175814
W11,2022-12-01,3692593,2948680
W11,2023-01-01,3798609,3041843
W11,2023-02-01,3912026,3083828
W11,2023-03-01,3976937,3152640
W11,2023-04-01,4262738,3387095
W11,2023-05-01,4455390,3585453
W11,2023-06-01,4607286,3614189
W11,2023-07-01,4558718,3617072
W11,2023-08-01,4595227,3631062
W11,2023-09-01,4423706,3558603
W11,2023-10-01,4161459,3319540
W11,2023-11-01,3934883,3135420
W11,2023-12-01,3729939,3041444
W11,2024-01-01,3855617,3138265
W11,2024-02-01,3802368,3027729
W11,2024-03-01,4062306,3219556
W11,2024-04-01,4245969,3407979
W11,2024-05-01,4524008,3584687
W11,2024-06-01,4622051,3658638
W11,2024-07-01,4766309,3807769
W11,2024-08-01,4566161,3680117
W11,2024-09-01,4618661,3752244
W11,2024-10-01,4359276,3513965
W11,2024-11-01,4109248,3345340
W11,2024-12-01,3887172,3075014
W12,2018-01-01,3182671,2541551
W12,2018-02-01,3329144,2649852
W12,2018-03-01,3404648,2768692
W12,2018-04-01,3595612,2911237
W12,2018-05-01,3790618,3064258
W12,2018-06-01,3889223,3123303
W12,2018-07-01,3962189,3172985
W12,2018-08-01,3854094,3066229
W12,2018-09-01,3811061,3001556
W12,2018-10-01,3610786,2935181
W12,2018-11-01,3303774,2646895
W12,2018-12-01,3169183,2571296
W12,2019-01-01,3255115,2622872
W12,2019-02-01,3358286,2685428
W12,2019-03-01,3530508,2818247
W12,2019-04-01,3532691,2784546
W12,2019-05-01,3791594,3041029
W12,2019-06-01,3957693,3188035
W12,2019-07-01,3946453,3096769
W12,2019-08-01,3885678,3046746
W12,2019-09-01,3746429,2945955
W12,2019-10-01,3612843,2913441
W12,2019-11-01,3456502,2716563
W12,2019-12-01,3393552,2767633
W12,2020-01-01,3342566,2651279
W12,2020-02-01,3332772,2627336
W12,2020-03-01,3564197,2877509
W12,2020-04-01,3823718,3043613
W12,2020-05-01,3997923,3191755
W12,2020-06-01,4143542,3298591
W12,2020-07-01,3989153,3250572
W12,2020-08-01,4133219,3258034
W12,2020-09-01,3990647,3143817
W12,2020-10-01,3830205,3051057
W12,2020-11-01,3455165,2817062
W12,2020-12-01,3466281,2801441
W12,2021-01-01,3530408,2820147
W12,2021-02-01,3528754,2814435
W12,2021-03-01,3596301,2845930
W12,2021-04-01,3804192,3001370
W12,2021-05-01,3929024,3190394
W12,2021-06-01,4209436,3304538
W12,2021-07-01,4234838,3403444
W12,2021-08-01,4251885,3454441
W12,2021-09-01,3941561,3098671
W12,2021-10-01,3834694,3061183
W12,2021-11-01,3659930,2971537
W12,2021-12-01,3429623,2693679
W12,2022-01-01,3504795,2808295
W12,2022-02-01,3624532,2931645
W12,2022-03-01,3632931,2963714
W12,2022-04-01,3846188,3128200
W12,2022-05-01,4122699,3308380
W12,2022-06-01,4316468,3497152
W12,2022-07-01,4231515,3436160
W12,2022-08-01,4370785,3499600
W12,2022-09-01,4082673,3236763
W12,2022-10-01,3921832,3148970
W12,2022-11-01,3765506,2973260
W12,2022-12-01,3608331,2893114
W12,2023-01-01,3507594,2788612
W12,2023-02-01,3690759,2938571
W12,2023-03-01,3811518,3073158
W12,2023-04-01,3984192,3161840
W12,2023-05-01,4126769,3306424
W12,2023-06-01,4285538,3390765
W12,2023-07-01,4501407,3549896
W12,2023-08-01,4343537,3413343
W12,2023-09-01,4184517,3336433
W12,2023-10-01,4013453,3196432
W12,2023-11-01,3749984,2979619
W12,2023-12-01,3566875,2847769
W12,2024-01-01,3667172,2937920
W12,2024-02-01,3824907,3005035
W12,2024-03-01,3872329,3110871
W12,2024-04-01,3992952,3139774
W12,2024-05-01,4390534,3524733
W12,2024-06-01,4507926,3565519
W12,2024-07-01,4438143,3608321
W12,2024-08-01,4409334,3585176
W12,2024-09-01,4237164,3347702
W12,2024-10-01,4165896,3365628
W12,2024-11-01,3960610,3221014
W12,2024-12-01,3794800,3060585
W13,2018-01-01,3970434,3153682
W13,2018-02-01,4040278,3227859
W13,2018-03-01,4295594,3410142
W13,2018-04-01,4443945,3609595
W13,2018-05-01,4696173,3802445
W13,2018-06-01,4934799,3989154
W13,2018-07-01,4876682,3855018
W13,2018-08-01,4815150,3782122
W13,2018-09-01,4808569,3883978
W13,2018-10-01,4351598,3488702
W13,2018-11-01,4279069,3453382
W13,2018-12-01,4043258,3195298
W13,2019-01-01,4067384,3262991
W13,2019-02-01,4131887,3312206
W13,2019-03-01,4480161,3560841
W13,2019-04-01,4666318,3731355
W13,2019-05-01,4888114,3947969
W13,2019-06-01,4979826,4020954
W13,2019-07-01,5008284,3948925
W13,2019-08-01,5005498,3953791
W13,2019-09-01,4936100,4026329
W13,2019-10-01,4719755,3779420
W13,2019-11-01,4452825,3501606
W13,2019-12-01,4275957,3358989
W13,2020-01-01,4112207,3242063
W13,2020-02-01,4334525,3407695
W13,2020-03-01,4379484,3464168
W13,2020-04-01,4696145,3690862
W13,2020-05-01,4984857,4057100
W13,2020-06-01,5243054,4221167
W13,2020-07-01,5028936,4028332
W13,2020-08-01,5089129,3992601
W13,2020-09-01,5009912,4013659
W13,2020-10-01,4648309,3718977
W13,2020-11-01,4526247,3610942
W13,2020-12-01,4414265,3486106
W13,2021-01-01,4452610,3565562
W13,2021-02-01,4339805,3488478
W13,2021-03-01,4516863,3592451
W13,2021-04-01,4911694,3863188
W13,2021-05-01,5207253,4158970
W13,2021-06-01,5163454,4163353
W13,2021-07-01,5245200,4251224
W13,2021-08-01,5112294,4170270
W13,2021-09-01,5113177,4013915
W13,2021-10-01,4798858,3820224
W13,2021-11-01,4578371,3682732
W13,2021-12-01,4461970,3509991
W13,2022-01-01,4544499,3656672
W13,2022-02-01,4472782,3646545
W13,2022-03-01,4833208,3927626
W13,2022-04-01,5071355,4013230
W13,2022-05-01,5319351,4288212
W13,2022-06-01,5396901,4277989
W13,2022-07-01,5580126,4497033
W13,2022-08-01,5304527,4250926
W13,2022-09-01,5243567,4141051
W13,2022-10-01,5050957,3962481
W13,2022-11-01,4617022,3641049
W13,2022-12-01,4605469,3731668
W13,2023-01-01,4680987,3714723
W13,2023-02-01,4649262,3729333
W13,2023-03-01,4918084,3962329
W13,2023-04-01,5082958,4047474
W13,2023-05-01,5400735,4370793
W13,2023-06-01,5572329,4382691
W13,2023-07-01,5659824,4499942
W13,2023-08-01,5376747,4255311
W13,2023-09-01,5188708,4168428
W13,2023-10-01,5105260,4099827
W13,2023-11-01,4952617,3934577
W13,2023-12-01,4668761,3777371
W13,2024-01-01,4663766,3690440
W13,2024-02-01,4762384,3790922
W13,2024-03-01,4844413,3888843
W13,2024-04-01,5159985,4172928
W13,2024-05-01,5390252,4268467
W13,2024-06-01,5502973,4361519
W13,2024-07-01,5675958,4592330
W13,2024-08-01,5530341,4404739
W13,2024-09-01,5411640,4258575
W13,2024-10-01,5335517,4258978
W13,2024-11-01,5014938,3948117
W13,2024-12-01,4629724,3693553
W14,2018-01-01,3990402,3141665
W14,2018-02-01,3947139,3164560
W14,2018-03-01,4233426,3425274
W14,2018-04-01,4527160,3551081
W14,2018-05-01,4627939,3743695
W14,2018-06-01,4879109,3912583
W14,2018-07-01,5017600,3972774
W14,2018-08-01,4820259,3884792
W14,2018-09-01,4559748,3614081
W14,2018-10-01,4368909,3445627
W14,2018-11-01,4124907,3270353
W14,2018-12-01,3998161,3234694
W14,2019-01-01,4053055,3300059
W14,2019-02-01,4202929,3361779
W14,2019-03-01,4344373,3469640
W14,2019-04-01,4441915,3483423
W14,2019-05-01,4738454,3842562
W14,2019-06-01,4898956,3975946
W14,2019-07-01,4977442,3970902
W14,2019-08-01,5030307,4048558
W14,2019-09-01,4795302,3805619
W14,2019-10-01,4569357,3684041
W14,2019-11-01,4308740,3402545
W14,2019-12-01,4122627,3274241
W14,2020-01-01,4248327,3416729
W14,2020-02-01,4370977,3536222
W14,2020-03-01,4375831,3469901
W14,2020-04-01,4734604,3767232
W14,2020-05-01,5014208,3963198
W14,2020-06-01,5208787,4113679
W14,2020-07-01,5202458,4083208
W14,2020-08-01,5126833,4174141
W14,2020-09-01,4802358,3887634
W14,2020-10-01,4747288,3732380
W14,2020-11-01,4514303,3654064
W14,2020-12-01,4295778,3387022
W14,2021-01-01,4243223,3360997
W14,2021-02-01,4267509,3403510
W14,2021-03-01,4499125,3591967
W14,2021-04-01,4799170,3851967
W14,2021-05-01,5020022,4084048
W14,2021-06-01,5299305,4225590
W14,2021-07-01,5102378,4158386
W14,2021-08-01,5247048,4250074
W14,2021-09-01,5037892,4097120
W14,2021-10-01,4659310,3689910
W14,2021-11-01,4577367,3613021
W14,2021-12-01,4387405,3518800
W14,2022-01-01,4439672,3572585
W14,2022-02-01,4592003,3648856
W14,2022-03-01,4728468,3723150
W14,2022-04-01,4772634,3775650
W14,2022-05-01,5210988,4178461
W14,2022-06-01,5373770,4251044
W14,2022-07-01,5338824,4264749
W14,2022-08-01,5371184,4329679
W14,2022-09-01,5027330,4101932
W14,2022-10-01,4885358,3876306
W14,2022-11-01,4763122,3747373
W14,2022-12-01,4555689,3678103
W14,2023-01-01,4470351,3553831
W14,2023-02-01,4656656,3728471
W14,2023-03-01,4718696,3714198
W14,2023-04-01,5079441,4055823
W14,2023-05-01,5126622,4026602
W14,2023-06-01,5515668,4328270
W14,2023-07-01,5462025,4301343
W14,2023-08-01,5544842,4512157
W14,2023-09-01,5339253,4274135
W14,2023-10-01,5028286,3995434
W14,2023-11-01,4741002,3787045
W14,2023-12-01,4660361,3747640
W14,2024-01-01,4537179,3652583
W14,2024-02-01,4663625,3766327
W14,2024-03-01,4993287,3986572
W14,2024-04-01,5116273,4011887
W14,2024-05-01,5302571,4204446
W14,2024-06-01,5651208,4574496
W14,2024-07-01,5678019,4596834
W14,2024-08-01,5595310,4452219
W14,2024-09-01,5296835,4172034
W14,2024-10-01,5190614,4150745
W14,2024-11-01,5017542,3984073
W14,2024-12-01,4661670,3713307
W15,2018-01-01,3455755,2759944
W15,2018-02-01,3469095,2794546
W15,2018-03-01,3746810,3047647
W15,2018-04-01,3895093,3137526
W15,2018-05-01,4022244,3184146
W15,2018-06-01,4112892,3273639
W15,2018-07-01,4169844,3320993
W15,2018-08-01,4233998,3397334
W15,2018-09-01,4049056,3237517
W15,2018-10-01,3882822,3158338
W15,2018-11-01,3775535,2980949
W15,2018-12-01,3467893,2750881
W15,2019-01-01,3506791,2843810
W15,2019-02-01,3653076,2965189
W15,2019-03-01,3874710,3097859
W15,2019-04-01,3898348,3104201
W15,2019-05-01,4184942,3368452
W15,2019-06-01,4291359,3431951
W15,2019-07-01,4423160,3530581
W15,2019-08-01,4228738,3391840
W15,2019-09-01,4243557,3356895
W15,2019-10-01,3859647,3053733
W15,2019-11-01,3724603,3013143
W15,2019-12-01,3641376,2944859
W15,2020-01-01,3662205,2931030
W15,2020-02-01,3733986,2959455
W15,2020-03-01,3876749,3162297
W15,2020-04-01,4080529,3297953
W15,2020-05-01,4340446,3464213
W15,2020-06-01,4348067,3468040
W15,2020-07-01,4540683,3654875
W15,2020-08-01,4355760,3536850
W15,2020-09-01,4153826,3291533
W15,2020-10-01,4158716,3272009
W15,2020-11-01,3951497,3112817
W15,2020-12-01,3787338,2994709
W15,2021-01-01,3808347,3069727
W15,2021-02-01,3893261,3128346
W15,2021-03-01,3946334,3171735
W15,2021-04-01,4243321,3437230
W15,2021-05-01,4460900,3578723
W15,2021-06-01,4542105,3647762
W15,2021-07-01,4497906,3667269
W15,2021-08-01,4476922,3591958
W15,2021-09-01,4499525,3601696
W15,2021-10-01,4272185,3460836
W15,2021-11-01,3876758,3132432
W15,2021-12-01,3790497,2978941
W15,2022-01-01,3797266,3056756
W15,2022-02-01,3953184,3116082
W15,2022-03-01,3976274,3158383
W15,2022-04-01,4211546,3415538
W15,2022-05-01,4461227,3517898
W15,2022-06-01,4683572,3766013
W15,2022-07-01,4668719,3671558
W15,2022-08-01,4728792,3823722
W15,2022-09-01,4463961,3606852
W15,2022-10-01,4326275,3513256
W15,2022-11-01,4051459,3239617
W15,2022-12-01,3925185,3186485
W15,2023-01-01,4027076,3169230
W15,2023-02-01,4117046,3311402
W15,2023-03-01,4213356,3417889
W15,2023-04-01,4460987,3554189
W15,2023-05-01,4731658,3834512
W15,2023-06-01,4761314,3782063
W15,2023-07-01,4758944,3814360
W15,2023-08-01,4657260,3778330
W15,2023-09-01,4682000,3804654
W15,2023-10-01,4452197,3497068
W15,2023-11-01,4195590,3401677
W15,2023-12-01,3887430,3163364
W15,2024-01-01,3960549,3162928
W15,2024-02-01,4224820,3370095
W15,2024-03-01,4395109,3573667
W15,2024-04-01,4595822,3647518
W15,2024-05-01,4823426,3916868
W15,2024-06-01,4762779,3788952
W15,2024-07-01,4818264,3879976
W15,2024-08-01,4925513,3869765
W15,2024-09-01,4752999,3836771
W15,2024-10-01,4561609,3638957
W15,2024-11-01,4163477,3276847
W15,2024-12-01,4033156,3172053
W16,2018-01-01,2429873,1939627
W16,2018-02-01,2390467,1900408
W16,2018-03-01,2503558,2031714
W16,2018-04-01,2728108,2180539
W16,2018-05-01,2785499,2191793
W16,2018-06-01,2984047,2349347
W16,2018-07-01,2942812,2335346
W16,2018-08-01,2909636,2356886
W16,2018-09-01,2895173,2329255
W16,2018-10-01,2725374,2142660
W16,2018-11-01,2571606,2066363
W16,2018-12-01,2413530,1919331
W16,2019-01-01,2444887,1975334
W16,2019-02-01,2588358,2080300
W16,2019-03-01,2616846,2069799
W16,2019-04-01,2829905,2231325
W16,2019-05-01,2836714,2290250
W16,2019-06-01,2976757,2374679
W16,2019-07-01,3093646,2449948
W16,2019-08-01,3029574,2399245
W16,2019-09-01,2919925,2356607
W16,2019-10-01,2728460,2221297
W16,2019-11-01,2551373,2069434
W16,2019-12-01,2581682,2041011
W16,2020-01-01,2566270,2027447
W16,2020-02-01,2571061,2068874
W16,2020-03-01,2737405,2215658
W16,2020-04-01,2788924,2220955
W16,2020-05-01,2928680,2355885
W16,2020-06-01,2999358,2436796
W16,2020-07-01,3025317,2406807
W16,2020-08-01,3044699,2424734
W16,2020-09-01,3035400,2420633
W16,2020-10-01,2841114,2243141
W16,2020-11-01,2686891,2191417
W16,2020-12-01,2521566,2024302
W16,2021-01-01,2537412,2006848
W16,2021-02-01,2719821,2214907
W16,2021-03-01,2741973,2174844
W16,2021-04-01,2941114,2378031
W16,2021-05-01,3035286,2418737
W16,2021-06-01,3182173,2549573
W16,2021-07-01,3127901,2460642
W16,2021-08-01,3075859,2502118
W16,2021-09-01,3136047,2474253
W16,2021-10-01,2873877,2307051
W16,2021-11-01,2802434,2255384
W16,2021-12-01,2675349,2124028
W16,2022-01-01,2668951,2173887
W16,2022-02-01,2676243,2119112
W16,2022-03-01,2899880,2284269
W16,2022-04-01,2996723,2354708
W16,2022-05-01,3156645,2541281
W16,2022-06-01,3171507,2487747
W16,2022-07-01,3203060,2512362
W16,2022-08-01,3233757,2571143
W16,2022-09-01,3128730,2535273
W16,2022-10-01,2933668,2334906
W16,2022-11-01,2870213,2330471
W16,2022-12-01,2756879,2171808
W16,2023-01-01,2811861,2234643
W16,2023-02-01,2775034,2222145
W16,2023-03-01,2857303,2329278
W16,2023-04-01,3074430,2459165
W16,2023-05-01,3205710,2518964
W16,2023-06-01,3386798,2673336
W16,2023-07-01,3287183,2658498
W16,2023-08-01,3393742,2733903
W16,2023-09-01,3129697,2527872
W16,2023-10-01,2960021,2401992
W16,2023-11-01,2813710,2210089
W16,2023-12-01,2764107,2248455
W16,2024-01-01,2760408,2248990
W16,2024-02-01,2776888,2248446
W16,2024-03-01,3009143,2422308
W16,2024-04-01,3075668,2435758
W16,2024-05-01,3365661,2673136
W16,2024-06-01,3464666,2779664
W16,2024-07-01,3361538,2707875
W16,2024-08-01,3306991,2616299
W16,2024-09-01,3286836,2581710
W16,2024-10-01,3108770,2524519
W16,2024-11-01,3036241,2455569
W16,2024-12-01,2824078,2221884
W17,2018-01-01,3899711,3093762
W17,2018-02-01,4057233,3276891
W17,2018-03-01,4084912,3250711
W17,2018-04-01,4491008,3664344
W17,2018-05-01,4661638,3763987
W17,2018-06-01,4758843,3852146
W17,2018-07-01,4703375,3827779
W17,2018-08-01,4610026,3694150
W17,2018-09-01,4623133,3727127
W17,2018-10-01,4238855,3368705
W17,2018-11-01,4213451,3354079
W17,2018-12-01,4046121,3211974
W17,2019-01-01,3957626,3227285
W17,2019-02-01,4069193,3315408
W17,2019-03-01,4373298,3448590
W17,2019-04-01,4417408,3469454
W17,2019-05-01,4624642,3750844
W17,2019-06-01,4838851,3932333
W17,2019-07-01,4911926,3968506
W17,2019-08-01,4887799,3911088
W17,2019-09-01,4739071,3775235
W17,2019-10-01,4501228,3537934
W17,2019-11-01,4294168,3384589
W17,2019-12-01,4037757,3275546
W17,2020-01-01,4235176,3373633
W17,2020-02-01,4274548,3395872
W17,2020-03-01,4346680,3440291
W17,2020-04-01,4710573,3713606
W17,2020-05-01,4895974,3855517
W17,2020-06-01,4867864,3886435
W17,2020-07-01,4990987,3932217
W17,2020-08-01,4943438,3997515
W17,2020-09-01,4803983,3837551
W17,2020-10-01,4685500,3686989
W17,2020-11-01,4439486,3523775
W17,2020-12-01,4242563,3408075
W17,2021-01-01,4160477,3375854
W17,2021-02-01,4205219,3392590
W17,2021-03-01,4593581,3659613
W17,2021-04-01,4575889,3631256
W17,2021-05-01,5033172,3974010
W17,2021-06-01,5249103,4258845
W17,2021-07-01,5190856,4161010
W17,2021-08-01,4986208,3925447
W17,2021-09-01,5025385,3959433
W17,2021-10-01,4579478,3704755
W17,2021-11-01,4393563,3472410
W17,2021-12-01,4270239,3441646
W17,2022-01-01,4452585,3502800
W17,2022-02-01,4426013,3599932
W17,2022-03-01,4462926,3641342
W17,2022-04-01,4733326,3808773
W17,2022-05-01,5155724,4057262
W17,2022-06-01,5347386,4330764
W17,2022-07-01,5182725,4219531
W17,2022-08-01,5097007,4146783
W17,2022-09-01,5041486,4069396
W17,2022-10-01,4819629,3837617
W17,2022-11-01,4559561,3626338
W17,2022-12-01,4511133,3576423
W17,2023-01-01,4432736,3496348
W17,2023-02-01,4544242,3652404
W17,2023-03-01,4735686,3788381
W17,2023-04-01,5054753,4040411
W17,2023-05-01,5059990,4029050
W17,2023-06-01,5343176,4298932
W17,2023-07-01,5532319,4381446
W17,2023-08-01,5528366,4430416
W17,2023-09-01,5038762,4012063
W17,2023-10-01,5004528,4000369
W17,2023-11-01,4773472,3794954
W17,2023-12-01,4531120,3599030
W17,2024-01-01,4495535,3528248
W17,2024-02-01,4653132,3652419
W17,2024-03-01,4901254,3886645
W17,2024-04-01,5158596,4122203
W17,2024-05-01,5272550,4232210
W17,2024-06-01,5415181,4273163
W17,2024-07-01,5486995,4344146
W17,2024-08-01,5514549,4463033
W17,2024-09-01,5393682,4360520
W17,2024-10-01,5200882,4173303
W17,2024-11-01,4950902,3943045
W17,2024-12-01,4746976,3872248
W18,2018-01-01,1653360,1313059
W18,2018-02-01,1729279,1375609
W18,2018-03-01,1782985,1437996
W18,2018-04-01,1849961,1483974
W18,2018-05-01,1917814,1561767
W18,2018-06-01,2069195,1675909
W18,2018-07-01,2111178,1691788
W18,2018-08-01,1988739,1561587
W18,2018-09-01,1907708,1532373
W18,2018-10-01,1812806,1448968
W18,2018-11-01,1755341,1410684
W18,2018-12-01,1736270,1380168
W18,2019-01-01,1688589,1367213
W18,2019-02-01,1786154,1403748
W18,2019-03-01,1779156,1434979
W18,2019-04-01,1872100,1474371
W18,2019-05-01,2012067,1600955
W18,2019-06-01,2025607,1633743
W18,2019-07-01,2125034,1705876
W18,2019-08-01,2058541,1635147
W18,2019-09-01,2066255,1668367
W18,2019-10-01,1905989,1533285
W18,2019-11-01,1816178,1442324
W18,2019-12-01,1769269,1418924
W18,2020-01-01,1806218,1451547
W18,2020-02-01,1775846,1430084
W18,2020-03-01,1898164,1511144
W18,2020-04-01,1988600,1577804
W18,2020-05-01,2019302,1583249
W18,2020-06-01,2156728,1730409
W18,2020-07-01,2202572,1781147
W18,2020-08-01,2139528,1689856
W18,2020-09-01,2036662,1649455
W18,2020-10-01,1974173,1588160
W18,2020-11-01,1818761,1454787
W18,2020-12-01,1773089,1394516
W18,2021-01-01,1792456,1423613
W18,2021-02-01,1851017,1508243
W18,2021-03-01,1946444,1567745
W18,2021-04-01,2037747,1619487
W18,2021-05-01,2048724,1619946
W18,2021-06-01,2209489,1757019
W18,2021-07-01,2249181,1815209
W18,2021-08-01,2124957,1695765
W18,2021-09-01,2100424,1657912
W18,2021-10-01,1999724,1624209
W18,2021-11-01,1892544,1506486
W18,2021-12-01,1872236,1515087
W18,2022-01-01,1862996,1505792
W18,2022-02-01,1850929,1477858
W18,2022-03-01,1992466,1564224
W18,2022-04-01,2001018,1585519
W18,2022-05-01,2112056,1678953
W18,2022-06-01,2290887,1807851
W18,2022-07-01,2208588,1798097
W18,2022-08-01,2302991,1830450
W18,2022-09-01,2226353,1809097
W18,2022-10-01,2085627,1663918
W18,2022-11-01,1975372,1587081
W18,2022-12-01,1874485,1472809
W18,2023-01-01,1881407,1533687
W18,2023-02-01,1918463,1538092
W18,2023-03-01,2057491,1648634
W18,2023-04-01,2132204,1691940
W18,2023-05-01,2163685,1723533
W18,2023-06-01,2301584,1840601
W18,2023-07-01,2260946,1772858
W18,2023-08-01,2237969,1813571
W18,2023-09-01,2234090,1785866
W18,2023-10-01,2060788,1629306
W18,2023-11-01,2022897,1649199
W18,2023-12-01,1925904,1517027
W18,2024-01-01,1981486,1583346
W18,2024-02-01,2024032,1604005
W18,2024-03-01,2073923,1651674
W18,2024-04-01,2147899,1710171
W18,2024-05-01,2230142,1751615
W18,2024-06-01,2343611,1857145
W18,2024-07-01,2429274,1948413
W18,2024-08-01,2302880,1856783
W18,2024-09-01,2217885,1786241
W18,2024-10-01,2204677,1757674
W18,2024-11-01,2088061,1652242
W18,2024-12-01,1925106,1533130
W19,2018-01-01,2734741,2204164
W19,2018-02-01,2770710,2223015
W19,2018-03-01,2763674,2193150
W19,2018-04-01,2937360,2383157
W19,2018-05-01,3017171,2420613
W19,2018-06-01,3215257,2579561
W19,2018-07-01,3345803,2638896
W19,2018-08-01,3298597,2633498
W19,2018-09-01,3187447,2516009
W19,2018-10-01,2904918,2295371
W19,2018-11-01,2731161,2148079
W19,2018-12-01,2729685,2157711
W19,2019-01-01,2779703,2192441
W19,2019-02-01,2783302,2210587
W19,2019-03-01,2917644,2362810
W19,2019-04-01,2954841,2369203
W19,2019-05-01,3191350,2589500
W19,2019-06-01,3296206,2680966
W19,2019-07-01,3235395,2609065
W19,2019-08-01,3309616,2677526
W19,2019-09-01,3107449,2451121
W19,2019-10-01,3042024,2441668
W19,2019-11-01,2958701,2329109
W19,2019-12-01,2702034,2185798
W19,2020-01-01,2843020,2307848
W19,2020-02-01,2901407,2356211
W19,2020-03-01,2908629,2341310
W19,2020-04-01,3119087,2492579
W19,2020-05-01,3196813,2547525
W19,2020-06-01,3398566,2738517
W19,2020-07-01,3396087,2705545
W19,2020-08-01,3451355,2782125
W19,2020-09-01,3172765,2535696
W19,2020-10-01,3062544,2437534
W19,2020-11-01,2921681,2364799
W19,2020-12-01,2804530,2274393
W19,2021-01-01,2926557,2358557
W19,2021-02-01,2990055,2366015
W19,2021-03-01,2987940,2413655
W19,2021-04-01,3235647,2569970
W19,2021-05-01,3388358,2722069
W19,2021-06-01,3373751,2692708
W19,2021-07-01,3588500,2860140
W19,2021-08-01,3455765,2766437
W19,2021-09-01,3317186,2606640
W19,2021-10-01,3238982,2546163
W19,2021-11-01,3062168,2440267
W19,2021-12-01,2956563,2367548
W19,2022-01-01,2948701,2328175
W19,2022-02-01,3047405,2408740
W19,2022-03-01,3017471,2368891
W19,2022-04-01,3174902,2525736
W19,2022-05-01,3364183,2677174
W19,2022-06-01,3537853,2818615
W19,2022-07-01,3680288,2965567
W19,2022-08-01,3490568,2791202
W19,2022-09-01,3414956,2782289
W19,2022-10-01,3257914,2611683
W19,2022-11-01,3070778,2489802
W19,2022-12-01,2937159,2380826
W19,2023-01-01,2936040,2304435
W19,2023-02-01,2972279,2411476
W19,2023-03-01,3230584,2554934
W19,2023-04-01,3288546,2601910
W19,2023-05-01,3449893,2776649
W19,2023-06-01,3636997,2952035
W19,2023-07-01,3782022,3047668
W19,2023-08-01,3628453,2860070
W19,2023-09-01,3442828,2787409
W19,2023-10-01,3289032,2642629
W19,2023-11-01,3261691,2631558
W19,2023-12-01,3093198,2452325
W19,2024-01-01,3158477,2562317
W19,2024-02-01,3123491,2470627
W19,2024-03-01,3218009,2576533
W19,2024-04-01,3453498,2772135
W19,2024-05-01,3493080,2850290
W19,2024-06-01,3829212,3104955
W19,2024-07-01,3784786,3039186
W19,2024-08-01,3676383,2962801
W19,2024-09-01,3595534,2857590
W19,2024-10-01,3382100,2686755
W19,2024-11-01,3213073,2586511
W19,2024-12-01,3216147,2588506
W20,2018-01-01,3251678,2574320
W20,2018-02-01,3208992,2603886
W20,2018-03-01,3492550,2783322
W20,2018-04-01,3570161,2814993
W20,2018-05-01,3681790,2945122
W20,2018-06-01,3873704,3149403
W20,2018-07-01,3947428,3187846
W20,2018-08-01,3941336,3215468
W20,2018-09-01,3861548,3069859
W20,2018-10-01,3655437,2946144
W20,2018-11-01,3457224,2763095
W20,2018-12-01,3383826,2691739
W20,2019-01-01,3289600,2596941
W20,2019-02-01,3411034,2735185
W20,2019-03-01,3471004,2773558
W20,2019-04-01,3752938,3029394
W20,2019-05-01,3898193,3170026
W20,2019-06-01,4127638,3354890
W20,2019-07-01,4107115,3249189
W20,2019-08-01,3953114,3209477
W20,2019-09-01,3865900,3140576
W20,2019-10-01,3670979,2946835
W20,2019-11-01,3506847,2762585
W20,2019-12-01,3288589,2645015
W20,2020-01-01,3429199,2756599
W20,2020-02-01,3457783,2732428
W20,2020-03-01,3520177,2836497
W20,2020-04-01,3798737,3028427
W20,2020-05-01,4070139,3210627
W20,2020-06-01,4242059,3372290
W20,2020-07-01,4293072,3488426
W20,2020-08-01,4240650,3344105
W20,2020-09-01,4068119,3212884
W20,2020-10-01,3696576,2937462
W20,2020-11-01,3707534,2943890
W20,2020-12-01,3371705,2692191
W20,2021-01-01,3437076,2779747
W20,2021-02-01,3566393,2814133
W20,2021-03-01,3755596,3038098
W20,2021-04-01,3800323,3032197
W20,2021-05-01,4063799,3241810
W20,2021-06-01,4217622,3307246
W20,2021-07-01,4284088,3458891
W20,2021-08-01,4337397,3524327
W20,2021-09-01,4143977,3319297
W20,2021-10-01,3774323,2959567
W20,2021-11-01,3744163,2962533
W20,2021-12-01,3630446,2882527
W20,2022-01-01,3500054,2800417
W20,2022-02-01,3596567,2827222
W20,2022-03-01,3681560,2998081
W20,2022-04-01,3973380,3181284
W20,2022-05-01,4189164,3342439
W20,2022-06-01,4377446,3450659
W20,2022-07-01,4512761,3608791
W20,2022-08-01,4393897,3467998
W20,2022-09-01,4285236,3470974
W20,2022-10-01,3868970,3061045
W20,2022-11-01,3894828,3079867
W20,2022-12-01,3534516,2828137
W20,2023-01-01,3592066,2897919
W20,2023-02-01,3795247,3021040
W20,2023-03-01,3911999,3163555
W20,2023-04-01,4113683,3303310
W20,2023-05-01,4171397,3284807
W20,2023-06-01,4526641,3555874
W20,2023-07-01,4388316,3502833
W20,2023-08-01,4336946,3435241
W20,2023-09-01,4339622,3430800
W20,2023-10-01,4129022,3238382
W20,2023-11-01,3860920,3039437
W20,2023-12-01,3734416,3002207
W20,2024-01-01,3812410,3040025
W20,2024-02-01,3914556,3133096
W20,2024-03-01,4004401,3175677
W20,2024-04-01,4257115,3405384
W20,2024-05-01,4423624,3578246
W20,2024-06-01,4638546,3781064
W20,2024-07-01,4564912,3638747
W20,2024-08-01,4455406,3571188
W20,2024-09-01,4503089,3629591
W20,2024-10-01,4180745,3309077
W20,2024-11-01,3860073,3037291
W20,2024-12-01,3733755,2995864
